Date,Open,High,Low,Close,Volume,Adj Close
10/1/2012,22.73,23,22.709999,22.809999,42550700,19.971528
10/2/2012,22.93,22.99,22.709999,22.790001,45297400,19.954018
10/3/2012,22.860001,22.98,22.719999,22.91,32929400,20.059085
10/4/2012,22.950001,23.049999,22.77,22.950001,40344600,20.094108
10/5/2012,23.040001,23.18,23,23.120001,38312500,20.242953
10/8/2012,22.870001,22.99,22.85,22.92,24202200,20.06784
10/9/2012,22.940001,22.969999,22.6,22.620001,39176000,19.805173
10/10/2012,22.610001,22.74,22.41,22.43,32784100,19.638816
10/11/2012,22.59,22.709999,22.48,22.51,24161800,19.708861
10/12/2012,22.58,22.709999,22.41,22.48,32954600,19.682593
10/15/2012,22.540001,22.700001,22.49,22.639999,29578600,19.822683
10/16/2012,22.790001,22.879999,22.57,22.639999,35668800,19.822683
10/17/2012,22.77,22.92,22.719999,22.91,28272500,20.059085
10/18/2012,22.809999,23.08,22.799999,22.809999,43140700,19.971528
10/19/2012,22.51,22.530001,21.870001,22.030001,107879900,19.288592
10/22/2012,21.860001,21.950001,21.25,21.700001,86735100,18.999658
10/23/2012,21.35,21.4,21.200001,21.280001,56297300,18.631922
10/24/2012,21.43,21.459999,21.24,21.26,42295500,18.614411
10/25/2012,21.5,21.57,21.030001,21.26,45769600,18.614411
10/26/2012,21.190001,21.4,21.07,21.110001,42827400,18.483077
10/31/2012,21.26,21.32,20.969999,21.059999,39179300,18.439298
11/1/2012,21.030001,21.389999,21.02,21.34,46231300,18.684455
11/2/2012,21.530001,21.68,21.26,21.309999,47475200,18.658188
11/5/2012,21.200001,21.469999,21.200001,21.41,30000100,18.745744
11/6/2012,21.51,21.780001,21.450001,21.59,32733200,18.903345
11/7/2012,21.360001,21.52,21.07,21.129999,45253400,18.500587
11/8/2012,21.16,21.190001,20.879999,20.889999,40770700,18.290453
11/9/2012,20.76,21.299999,20.700001,21,40306800,18.386765
11/12/2012,21.040001,21.139999,20.879999,20.889999,21816400,18.290453
11/13/2012,20.6,20.950001,20.57,20.68,41073300,18.106586
11/14/2012,20.73,20.75,19.950001,20.01,65539500,17.51996
11/15/2012,19.9,20.23,19.9,20.059999,51760300,17.563738
11/16/2012,20.1,20.190001,19.870001,20.15,45287500,17.642538
11/19/2012,20.41,20.719999,20.389999,20.66,38283400,18.089074
11/20/2012,20.67,20.690001,20.370001,20.620001,26845900,18.054053
11/21/2012,20.700001,20.74,20.57,20.68,41020400,18.106586
11/23/2012,20.809999,21.040001,20.73,21.040001,35456500,18.421788
11/26/2012,20.879999,21.07,20.870001,21.059999,47741300,18.439298
11/27/2012,21.040001,21.200001,20.85,20.870001,33001700,18.272943
11/28/2012,20.75,21.15,20.5,21.139999,34782700,18.509343
11/29/2012,21.24,21.360001,20.950001,21.129999,27632800,18.500587
11/30/2012,21.139999,21.26,21.040001,21.129999,37857000,18.500587
12/3/2012,21.18,21.23,20.799999,20.82,29981900,18.229164
12/4/2012,20.870001,21.01,20.709999,20.860001,36817200,18.264187
12/5/2012,20.91,21.360001,20.860001,21.23,46466500,18.588143
12/6/2012,21.200001,21.389999,21.08,21.370001,32751200,18.710723
12/7/2012,21.440001,21.48,21.24,21.459999,33548600,18.789522
12/10/2012,21.43,21.5,21.360001,21.389999,27604300,18.728233
12/11/2012,21.48,21.75,21.360001,21.51,45757200,18.833301
12/12/2012,21.610001,21.950001,21.57,21.780001,42413600,19.069702
12/13/2012,21.74,21.92,21.549999,21.620001,33966000,18.929613
12/14/2012,21.610001,21.76,21.549999,21.620001,47536600,18.929613
12/17/2012,21.690001,21.950001,21.690001,21.93,48483700,19.201036
12/18/2012,21.85,21.91,21.41,21.690001,81119200,18.990902
12/19/2012,21.639999,21.66,20.969999,21.01,92330700,18.395521
12/20/2012,20.91,21.24,20.870001,21.049999,50831400,18.598737
12/21/2012,20.84,20.99,20.559999,20.879999,80833800,18.448533
12/24/2012,20.790001,20.959999,20.75,20.82,15097200,18.39552
12/26/2012,20.809999,20.940001,20.709999,20.77,28557100,18.351344
12/27/2012,20.799999,20.870001,20.42,20.690001,38330700,18.28066
12/28/2012,20.450001,20.709999,20.43,20.440001,32403400,18.059772
12/31/2012,20.290001,21,20.26,20.99,58785000,18.545724
1/2/2013,21.51,21.540001,21.200001,21.34,46089500,18.854967
1/3/2013,21.48,21.49,21.049999,21.1,48509100,18.642915
1/4/2013,21.209999,21.26,21.120001,21.200001,29802600,18.731271
1/7/2013,21.16,21.219999,20.959999,21.129999,32746700,18.669421
1/8/2013,21.1,21.120001,20.68,20.9,40045500,18.466204
1/9/2013,21.040001,21.07,20.93,20.950001,28540500,18.510383
1/10/2013,21.040001,21.23,20.959999,21.17,33348200,18.704763
1/11/2013,21.219999,21.24,21.02,21.129999,41839700,18.669421
1/14/2013,21.18,21.24,21.07,21.120001,31715900,18.660587
1/15/2013,21.040001,21.209999,21.01,21.200001,26551000,18.731271
1/16/2013,21.15,21.200001,21.059999,21.120001,38932100,18.660587
1/17/2013,21.219999,21.540001,21.120001,21.299999,63851700,18.819624
1/18/2013,21.940001,22.190001,21.59,22.040001,113079400,19.473453
1/22/2013,22.18,22.200001,21.9,22.01,55165800,19.446946
1/23/2013,21.98,22.030001,21.75,21.940001,47228500,19.385098
1/24/2013,21.959999,22.190001,21.950001,22.049999,46991100,19.482287
1/25/2013,22.280001,22.309999,22.110001,22.290001,41919800,19.694341
1/28/2013,22.440001,22.540001,22.26,22.5,49558400,19.879885
1/29/2013,22.49,22.58,22.4,22.5,34148000,19.879885
1/30/2013,22.52,22.549999,22.23,22.23,36200400,19.641326
1/31/2013,22.209999,22.4,22.18,22.280001,34427700,19.685505
2/1/2013,22.43,22.639999,22.32,22.620001,43840300,19.985912
2/4/2013,22.41,22.49,22.280001,22.309999,35836600,19.71201
2/5/2013,22.48,22.620001,22.450001,22.540001,30917700,19.915228
2/6/2013,22.469999,22.5,22.309999,22.440001,42985800,19.826873
2/7/2013,22.5,22.51,22.27,22.48,38325900,19.862214
2/8/2013,22.5,22.559999,22.450001,22.5,24424600,19.879885
2/11/2013,22.49,22.51,22.35,22.450001,19738700,19.835709
2/12/2013,22.48,22.65,22.48,22.58,34297500,19.950569
2/13/2013,23.110001,23.48,23.040001,23.389999,84926900,20.666245
2/14/2013,23.25,23.49,23.110001,23.41,53996500,20.683916
2/15/2013,23.48,23.549999,23.23,23.290001,39283000,20.577891
2/19/2013,23.42,23.75,23.41,23.75,41219000,20.984324
2/20/2013,23.709999,23.75,23.35,23.41,38107400,20.683916
2/21/2013,23.18,23.35,23.120001,23.26,47811200,20.719548
2/22/2013,23.35,23.450001,23.23,23.389999,27836300,20.835349
2/25/2013,23.5,23.530001,22.809999,22.809999,51619800,20.318696
2/26/2013,22.969999,23.15,22.91,23.049999,41316300,20.532483
2/27/2013,23.02,23.4,23,23.370001,29676400,20.817534
2/28/2013,23.370001,23.459999,23.200001,23.219999,39714600,20.683916
3/1/2013,23.02,23.34,23,23.190001,41226900,20.657194
3/4/2013,23.15,23.280001,23.030001,23.27,25457800,20.728456
3/5/2013,23.459999,23.709999,23.440001,23.59,35728000,21.013505
3/6/2013,23.84,23.84,23.67,23.67,31539100,21.084768
3/7/2013,23.700001,23.83,23.67,23.68,22955700,21.093676
3/8/2013,23.860001,23.9,23.68,23.77,28952100,21.173846
3/11/2013,23.690001,23.75,23.450001,23.620001,34947200,21.040229
3/12/2013,23.59,23.6,23.33,23.41,36593000,20.853165
3/13/2013,23.440001,23.52,23.4,23.49,24152400,20.924427
3/14/2013,23.549999,23.76,23.51,23.690001,34629800,21.102584
3/15/2013,23.440001,23.719999,23.360001,23.440001,58857200,20.879889
3/18/2013,23.17,23.35,23.129999,23.25,33700000,20.71064
3/19/2013,23.299999,23.360001,23.17,23.32,36150200,20.772994
3/20/2013,23.73,23.799999,23.33,23.459999,39254000,20.897703
3/21/2013,23.42,23.6,23.290001,23.290001,38543900,20.746272
3/22/2013,23.32,23.4,23.280001,23.370001,30606100,20.817534
3/25/2013,23.450001,23.48,23.049999,23.24,41684400,20.701732
3/26/2013,23.27,23.299999,23.01,23.120001,32353500,20.594839
3/27/2013,23.02,23.139999,22.85,23.1,27492500,20.577023
3/28/2013,23.139999,23.200001,22.99,23.120001,31151000,20.594839
4/1/2013,23.030001,23.1,22.969999,23.08,27449700,20.559207
4/2/2013,23.17,23.370001,23.1,23.34,29180100,20.79081
4/3/2013,23.379999,23.4,22.92,23,52570300,20.487945
4/4/2013,23.01,23.129999,22.959999,23.08,30472100,20.559207
4/5/2013,22.799999,22.940001,22.76,22.93,31402200,20.42559
4/8/2013,23.049999,23.120001,22.83,23.120001,30493600,20.594839
4/9/2013,23.25,23.25,22.9,23.059999,31668200,20.541391
4/10/2013,23.1,23.65,23.059999,23.58,39772300,21.004597
4/11/2013,23.549999,23.719999,23.43,23.59,27084400,21.013505
4/12/2013,23.49,23.59,23.33,23.459999,27234300,20.897703
4/15/2013,23.280001,23.299999,22.809999,22.809999,46453800,20.318696
4/16/2013,23.07,23.1,22.9,23.1,36016700,20.577023
4/17/2013,22.959999,23.030001,22.65,22.76,42672900,20.274158
4/18/2013,22.76,22.85,22.57,22.67,41170900,20.193987
4/19/2013,21.940001,22.030001,21.610001,21.75,108837900,19.37447
4/22/2013,21.67,21.68,21.110001,21.35,87828900,19.018158
4/23/2013,21.549999,21.690001,21.360001,21.5,65489600,19.151775
4/24/2013,21.690001,22.030001,21.65,21.959999,51506700,19.561533
4/25/2013,22.209999,22.23,21.91,21.950001,41462900,19.552626
4/26/2013,21.98,22.4,21.969999,22.209999,47012500,19.784228
4/29/2013,22.309999,22.32,22,22.27,36531800,19.837676
4/30/2013,22.290001,22.379999,22.209999,22.290001,34054800,19.855492
5/1/2013,22.1,22.35,22.1,22.15,39201600,19.730781
5/2/2013,22.25,22.32,22.15,22.32,27651500,19.882214
5/3/2013,22.57,22.85,22.549999,22.57,45523300,20.104909
5/6/2013,22.559999,22.639999,22.32,22.58,28563900,20.113817
5/7/2013,22.690001,22.790001,22.620001,22.68,28211700,20.202895
5/8/2013,22.68,23.02,22.620001,23.01,39977300,20.496853
5/9/2013,22.99,23.1,22.690001,22.780001,29974300,20.291974
5/10/2013,22.77,22.91,22.59,22.9,35117300,20.398866
5/13/2013,22.860001,22.879999,22.620001,22.85,30283800,20.354328
5/14/2013,22.85,23.07,22.809999,23.01,39592300,20.496853
5/15/2013,23.040001,23.25,22.91,23.24,40153000,20.701732
5/16/2013,23.1,23.35,23.1,23.27,33023300,20.728456
5/17/2013,23.27,23.48,23.200001,23.459999,41037700,20.897703
5/20/2013,23.459999,23.58,23.43,23.57,32884800,20.995689
5/21/2013,23.59,23.780001,23.59,23.66,33815000,21.07586
5/22/2013,23.780001,24.129999,23.75,23.860001,68514400,21.254016
5/23/2013,23.52,23.75,23.450001,23.66,44383600,21.07586
5/24/2013,23.5,23.67,23.49,23.530001,41015200,20.960059
5/28/2013,23.77,23.84,23.58,23.6,47323000,21.022413
5/29/2013,23.42,23.700001,23.4,23.639999,39236500,21.058044
5/30/2013,23.58,23.76,23.5,23.6,29347100,21.022413
5/31/2013,23.59,23.790001,23.309999,23.32,49247600,20.772994
6/3/2013,23.370001,23.780001,23.32,23.639999,45218400,21.058044
6/4/2013,23.59,23.76,23.41,23.66,38701300,21.07586
6/5/2013,23.549999,23.58,23.209999,23.32,44756200,20.772994
6/6/2013,23.25,23.389999,23.1,23.379999,42677500,20.826441
6/7/2013,23.540001,23.950001,23.469999,23.860001,49041200,21.254016
6/10/2013,23.879999,23.92,23.639999,23.780001,41626500,21.182754
6/11/2013,23.49,23.690001,23.48,23.58,36183000,21.004597
6/12/2013,23.700001,23.73,23.42,23.5,33842000,20.933335
6/13/2013,23.450001,23.790001,23.34,23.68,34930500,21.093676
6/14/2013,23.68,23.75,23.459999,23.52,27846000,20.951151
6/17/2013,23.75,23.85,23.65,23.77,39278300,21.173846
6/18/2013,23.83,24.450001,23.77,24.33,72766900,21.672682
6/19/2013,24.200001,24.35,23.98,23.98,46082200,21.360909
6/20/2013,23.629999,23.690001,23.200001,23.25,62733200,20.876047
6/21/2013,23.58,23.639999,23.209999,23.360001,65025200,20.974816
6/24/2013,23.120001,23.15,22.76,22.93,48760800,20.588721
6/25/2013,23.17,23.25,22.940001,23.110001,36569100,20.750342
6/26/2013,23.43,23.440001,23.02,23.25,32531700,20.876047
6/27/2013,23.41,23.48,23.26,23.32,30867900,20.9389
6/28/2013,23.32,23.440001,23.16,23.190001,45923200,20.822174
7/1/2013,23.209999,23.639999,23.190001,23.34,35784800,20.956858
7/2/2013,23.27,23.34,22.879999,22.9,47571200,20.561784
7/3/2013,22.83,22.98,22.76,22.91,21448500,20.570763
7/5/2013,23.17,23.24,22.950001,23.24,22688900,20.867068
7/8/2013,23.360001,23.530001,23.27,23.32,35481100,20.9389
7/9/2013,23.52,23.799999,23.51,23.620001,31541400,21.208269
7/10/2013,23.719999,23.73,23.360001,23.540001,28457100,21.136437
7/11/2013,23.91,23.959999,23.629999,23.940001,32618400,21.495595
7/12/2013,23.99,24,23.59,23.76,33257700,21.333974
7/15/2013,23.73,23.74,23.559999,23.629999,35853500,21.217246
7/16/2013,23.66,23.67,23.34,23.43,38192400,21.037668
7/17/2013,23.540001,23.610001,23.43,23.540001,26858500,21.136437
7/18/2013,23.6,23.940001,23.559999,23.629999,41438200,21.217246
7/19/2013,24.209999,24.950001,24.1,24.719999,103708900,22.195951
7/22/2013,24.77,24.92,24.73,24.860001,41560800,22.321658
7/23/2013,24.870001,24.879999,24.629999,24.709999,32553000,22.186972
7/24/2013,24.790001,24.84,24.559999,24.620001,27485000,22.106163
7/25/2013,24.610001,24.690001,24.52,24.690001,29951700,22.169016
7/26/2013,24.65,24.66,24.5,24.65,31115200,22.133099
7/29/2013,24.530001,24.6,24.459999,24.49,25588600,21.989436
7/30/2013,24.57,24.639999,24.4,24.48,31201500,21.980457
7/31/2013,24.57,24.690001,24.360001,24.370001,38954900,21.88169
8/1/2013,24.6,24.870001,24.52,24.620001,31937700,22.106163
8/2/2013,24.52,24.700001,24.4,24.700001,25721400,22.177995
8/5/2013,24.57,24.6,24.49,24.52,17971600,22.016374
8/6/2013,24.49,24.5,24.25,24.309999,22911500,21.827815
8/7/2013,24.209999,24.34,24.09,24.34,27971600,21.854752
8/8/2013,24.469999,24.540001,24.219999,24.33,22372500,21.845773
8/9/2013,24.34,24.440001,24.209999,24.25,20763500,21.773942
8/12/2013,24.139999,24.299999,24.059999,24.27,27365900,21.7919
8/13/2013,24.299999,24.299999,24.1,24.200001,28533700,21.729048
8/14/2013,24.200001,24.290001,24.049999,24.07,27983800,21.61232
8/15/2013,23.969999,24.26,23.92,24,39962300,21.549468
8/16/2013,23.879999,24.049999,23.860001,23.950001,36315500,21.504574
8/19/2013,23.9,23.959999,23.76,23.85,32219000,21.414784
8/20/2013,23.77,23.85,23.629999,23.719999,30451500,21.298057
8/21/2013,23.719999,23.790001,23.559999,23.610001,31897000,21.19929
8/22/2013,23.66,23.799999,23.610001,23.780001,31033000,21.351932
8/23/2013,23.83,23.85,23.639999,23.780001,20690400,21.351932
8/26/2013,23.74,23.790001,23.559999,23.610001,25948900,21.19929
8/27/2013,23.360001,23.389999,23.110001,23.18,51392900,20.813195
8/28/2013,23.16,23.4,23.16,23.200001,28862600,20.831153
8/29/2013,23.16,23.299999,23.09,23.110001,22104600,20.750342
8/30/2013,23.440001,23.5,23.040001,23.139999,46275600,20.777278
9/3/2013,23.309999,23.450001,22.92,23.059999,52049800,20.705447
9/4/2013,22.99,23.18,22.959999,23.17,31629800,20.804216
9/5/2013,23.34,23.35,23.09,23.16,30302300,20.795237
9/6/2013,23.15,23.379999,22.959999,23.16,36731500,20.795237
9/9/2013,23.25,23.459999,23.18,23.389999,28181800,21.001752
9/10/2013,23.67,23.940001,23.620001,23.870001,35717800,21.432743
9/11/2013,23.950001,24.09,23.719999,24.09,34603600,21.630279
9/12/2013,24.16,24.200001,23.77,23.85,30677600,21.414784
9/13/2013,23.77,23.9,23.75,23.780001,19071500,21.351932
9/16/2013,24.059999,24.23,23.93,24.139999,36741200,21.675173
9/17/2013,24.129999,24.469999,24.110001,24.450001,35810200,21.953521
9/18/2013,24.469999,24.91,24.4,24.860001,51092000,22.321658
9/19/2013,24.799999,24.889999,24.4,24.459999,49713200,22.131646
9/20/2013,24.549999,24.559999,24,24.01,67953000,21.724483
9/23/2013,24.200001,24.379999,24.15,24.280001,41414600,21.968782
9/24/2013,24.219999,24.540001,24.219999,24.32,33024300,22.004973
9/25/2013,24.299999,24.48,24.200001,24.23,29448200,21.92354
9/26/2013,24.299999,24.51,23.959999,24.25,34259500,21.941637
9/27/2013,24.1,24.1,23.940001,24.049999,25753800,21.760674
9/30/2013,23.879999,24.08,23.82,23.889999,35343600,21.615905
10/1/2013,23.940001,24.219999,23.9,24.17,28985200,21.869252
10/2/2013,24.139999,24.35,24.049999,24.33,34224600,22.014022
10/3/2013,24.219999,24.25,23.84,24.1,37472200,21.805916
10/4/2013,24.18,24.18,23.9,24.049999,33307300,21.760674
10/7/2013,23.84,24.129999,23.799999,23.940001,28981600,21.661146
10/8/2013,23.92,23.92,23.67,23.67,42390800,21.416847
10/9/2013,23.84,23.84,23.5,23.57,35095500,21.326366
10/10/2013,23.9,24.25,23.82,24.25,38175500,21.941637
10/11/2013,24.32,24.49,24.200001,24.4,34178400,22.077358
10/14/2013,24.209999,24.379999,24.16,24.379999,22026900,22.059262
10/15/2013,24.27,24.450001,24.15,24.190001,28367200,21.887349
10/16/2013,24.35,24.4,24.129999,24.360001,30230600,22.041167
10/17/2013,24.379999,24.68,24.23,24.68,45442400,22.330705
10/18/2013,25.209999,25.75,25.09,25.549999,98507300,23.117889
10/21/2013,25.870001,26.35,25.790001,26.139999,60782400,23.651727
10/22/2013,26.190001,26.24,25.98,26.02,43352900,23.543151
10/23/2013,25.99,26,25.639999,25.700001,39545800,23.253612
10/24/2013,25.84,26.02,25.67,25.940001,34619100,23.470766
10/25/2013,26.07,26.08,25.799999,25.879999,27373400,23.416476
10/28/2013,25.879999,26.16,25.76,26.09,31952000,23.606487
10/29/2013,26.190001,26.299999,26.07,26.209999,38436000,23.715063
10/30/2013,26.290001,26.48,26.190001,26.370001,39840400,23.859834
10/31/2013,26.35,26.440001,26.120001,26.139999,42852500,23.651727
11/1/2013,26.049999,26.639999,26.030001,26.540001,55634500,24.013652
11/4/2013,26.59,26.59,26.309999,26.43,28166100,23.914123
11/5/2013,26.32,26.52,26.26,26.42,24897500,23.905074
11/6/2013,26.469999,26.98,26.450001,26.9,58658800,24.339383
11/7/2013,26.940001,27.190001,26.6,26.6,59541600,24.06794
11/8/2013,26.42,27.059999,26.4,27.049999,37708900,24.475104
11/11/2013,27.02,27.040001,26.889999,27.01,23888300,24.438912
11/12/2013,26.92,27.139999,26.809999,27.049999,37560200,24.475104
11/13/2013,26.969999,27.15,26.75,27.15,34393600,24.565585
11/14/2013,27.15,27.200001,26.860001,26.99,32454600,24.420816
11/15/2013,27.01,27.43,26.969999,27.200001,51698500,24.610827
11/18/2013,27.280001,27.5,27.110001,27.219999,39084100,24.628921
11/19/2013,27.129999,27.33,26.92,27.030001,35722000,24.457009
11/20/2013,26.99,27.17,26.879999,26.959999,30286400,24.393671
11/21/2013,27.02,27.02,26.76,26.91,30361500,24.348431
11/22/2013,26.870001,27.09,26.860001,27.08,22047800,24.502249
11/25/2013,27.139999,27.17,26.73,26.73,32335400,24.185565
11/26/2013,26.719999,26.950001,26.719999,26.780001,36551000,24.230806
11/27/2013,26.83,26.9,26.75,26.83,22707700,24.276046
11/29/2013,26.75,26.870001,26.629999,26.66,21405900,24.122228
12/2/2013,26.65,26.74,26.559999,26.66,34650700,24.122228
12/3/2013,26.6,26.6,26.34,26.559999,32745800,24.031747
12/4/2013,26.34,26.66,26.200001,26.639999,44947100,24.104132
12/5/2013,26.629999,26.639999,26.35,26.450001,28455400,23.932219
12/6/2013,26.77,26.98,26.68,26.940001,25347300,24.375576
12/9/2013,26.93,27.33,26.879999,27.190001,30725600,24.601778
12/10/2013,27.09,27.389999,27.07,27.139999,30864700,24.556537
12/11/2013,27.110001,27.129999,26.540001,26.58,40161400,24.049844
12/12/2013,26.5,26.700001,26.48,26.540001,30960200,24.013652
12/13/2013,26.59,26.940001,26.51,26.84,39833700,24.285094
12/16/2013,26.940001,27.09,26.870001,26.98,40160000,24.411767
12/17/2013,27.1,27.139999,26.940001,27.030001,36632600,24.457009
12/18/2013,27.030001,27.469999,26.84,27.41,55268800,24.800836
12/19/2013,27.17,27.4,26.83,27.32,50735900,24.919412
12/20/2013,27.27,27.469999,27.02,27.360001,78154800,24.955899
12/23/2013,27.43,27.49,27.27,27.4,29903400,24.992383
12/24/2013,27.379999,27.66,27.360001,27.610001,15109700,25.183931
12/26/2013,27.68,27.959999,27.6,27.83,24765300,25.384599
12/27/2013,27.84,27.940001,27.76,27.83,18990700,25.384599
12/30/2013,27.84,27.98,27.799999,27.889999,23832300,25.439327
12/31/2013,27.9,28.09,27.83,28.030001,30306700,25.567026
1/2/2014,27.860001,27.940001,27.41,27.5,41453700,25.083596
1/3/2014,27.52,27.6,27.41,27.48,27570800,25.065353
1/6/2014,27.66,27.73,27.15,27.26,29356600,24.864685
1/7/2014,27.48,27.49,27.209999,27.290001,24728000,24.89205
1/8/2014,27.35,27.360001,27.120001,27.209999,25868900,24.819078
1/9/2014,27.33,27.360001,26.93,27.219999,31311400,24.828199
1/10/2014,27.190001,27.23,26.860001,26.959999,38828600,24.591045
1/13/2014,26.98,27.1,26.68,26.73,34419200,24.381255
1/14/2014,26.84,27,26.74,26.969999,24945900,24.600166
1/15/2014,27.15,27.4,27.01,27.34,31863300,24.937655
1/16/2014,27.219999,27.27,27.08,27.200001,32648300,24.809958
1/17/2014,26.879999,26.92,26.280001,26.58,97240600,24.244436
1/21/2014,26.73,26.74,26.040001,26.290001,59938700,23.979919
1/22/2014,26.299999,26.309999,25.99,25.99,48673300,23.706279
1/23/2014,25.98,25.98,25.530001,25.82,58047400,23.551216
1/24/2014,25.57,25.59,24.950001,24.950001,95605000,22.757663
1/27/2014,25.26,25.290001,24.9,25.07,60548000,22.867118
1/28/2014,25.33,25.620001,25.299999,25.459999,50425800,23.222849
1/29/2014,25.34,25.52,25.16,25.290001,39629700,23.067788
1/30/2014,25.5,25.59,25.33,25.5,30094200,23.259335
1/31/2014,25.209999,25.379999,25.08,25.129999,40334000,22.921846
2/3/2014,25.129999,25.209999,24.32,24.35,75451400,22.210385
2/4/2014,24.530001,24.780001,24.4,24.57,45856000,22.411053
2/5/2014,24.459999,24.639999,24.32,24.52,40259700,22.365447
2/6/2014,24.799999,25.1,24.620001,24.950001,44724400,22.757663
2/7/2014,25.200001,25.280001,25,25.190001,34720900,22.976575
2/10/2014,25.389999,25.389999,24.93,25.049999,33004400,22.848875
2/11/2014,25.209999,25.52,25.16,25.43,32587400,23.195486
2/12/2014,25.57,25.629999,25.35,25.389999,25227900,23.159
2/13/2014,25.23,25.440001,25.110001,25.440001,32357200,23.204607
2/14/2014,25.469999,25.85,25.379999,25.74,24928400,23.478246
2/18/2014,26.01,26.040001,25.65,25.65,29216000,23.396154
2/19/2014,25.68,25.77,25.370001,25.4,33893100,23.168121
2/20/2014,25.309999,25.32,25.02,25.120001,32274900,23.112917
2/21/2014,25.120001,25.190001,24.940001,24.940001,37146000,22.947298
2/24/2014,25.02,25.450001,24.959999,25.290001,38023300,23.269334
2/25/2014,25.379999,25.48,25.17,25.27,33090400,23.250931
2/26/2014,25.33,25.360001,25.1,25.299999,29784400,23.278533
2/27/2014,25.209999,25.559999,25.15,25.5,22813400,23.462554
2/28/2014,25.540001,25.690001,25.309999,25.469999,29436800,23.43495
3/3/2014,25.209999,25.209999,24.92,25.120001,34210600,23.112917
3/4/2014,25.52,25.73,25.459999,25.65,36638400,23.600569
3/5/2014,25.780001,25.959999,25.65,25.93,30128700,23.858197
3/6/2014,26.059999,26.280001,26.02,26.219999,34911100,24.125025
3/7/2014,26.33,26.35,25.969999,26.129999,27284000,24.042216
3/10/2014,26.120001,26.129999,25.84,26.040001,22263500,23.959409
3/11/2014,26.059999,26.1,25.76,25.9,24863700,23.830594
3/12/2014,25.68,25.83,25.629999,25.76,23464100,23.70178
3/13/2014,26,26,25.209999,25.34,37865100,23.315338
3/14/2014,25.25,25.379999,25.09,25.110001,29461300,23.103715
3/17/2014,25.26,25.629999,25.25,25.43,45614000,23.398147
3/18/2014,25.52,25.73,25.469999,25.65,23785100,23.600569
3/19/2014,25.639999,25.700001,25.110001,25.280001,35246800,23.260132
3/20/2014,25.370001,25.370001,25.120001,25.27,35712300,23.250931
3/21/2014,25.690001,25.83,25.34,25.4,55158900,23.370544
3/24/2014,25.49,25.530001,25.200001,25.41,31146600,23.379745
3/25/2014,25.58,25.709999,25.389999,25.700001,31154500,23.646575
3/26/2014,25.799999,25.92,25.6,25.620001,31830100,23.572967
3/27/2014,25.58,25.85,25.51,25.809999,29636400,23.747784
3/28/2014,25.9,26.02,25.780001,25.879999,29691400,23.812191
3/31/2014,26.02,26.08,25.809999,25.889999,32088900,23.821392
4/1/2014,25.83,25.99,25.75,25.870001,28496000,23.802992
4/2/2014,25.92,26.059999,25.870001,26.040001,26403700,23.959409
4/3/2014,26.15,26.26,26.049999,26.23,22259400,24.134227
4/4/2014,26.370001,26.4,25.99,26.02,33140800,23.941006
4/7/2014,25.950001,26.040001,25.74,25.85,30438900,23.784589
4/8/2014,25.76,25.92,25.67,25.75,26915900,23.692579
4/9/2014,25.860001,25.959999,25.59,25.950001,25177500,23.8766
4/10/2014,26.09,26.110001,25.57,25.58,36293700,23.536162
4/11/2014,25.51,25.76,25.43,25.43,37319900,23.398147
4/14/2014,25.58,25.75,25.43,25.709999,25067000,23.655774
4/15/2014,25.67,25.889999,25.58,25.82,30287300,23.756986
4/16/2014,26.01,26.200001,25.889999,26.120001,33496600,24.033017
4/17/2014,26.469999,26.76,26.450001,26.559999,69658600,24.43786
4/21/2014,26.629999,26.709999,26.559999,26.59,25131300,24.465463
4/22/2014,26.700001,26.77,26.57,26.58,27796600,24.456262
4/23/2014,26.57,26.66,26.389999,26.42,29567100,24.309046
4/24/2014,26.440001,26.639999,26.23,26.459999,25578100,24.345849
4/25/2014,26.57,26.799999,26.549999,26.6,33750200,24.474664
4/28/2014,26.719999,26.85,26.530001,26.780001,34567000,24.640283
4/29/2014,26.83,26.879999,26.59,26.76,27676200,24.62188
4/30/2014,26.799999,26.9,26.65,26.889999,29165100,24.741493
5/1/2014,26.73,26.83,26.639999,26.77,25779700,24.631082
5/2/2014,26.77,26.870001,26.66,26.68,23473500,24.548272
5/5/2014,26.690001,26.690001,26.5,26.58,16589600,24.456262
5/6/2014,26.51,26.530001,26.190001,26.190001,25034200,24.097423
5/7/2014,26.27,26.530001,26.27,26.530001,24319700,24.410258
5/8/2014,26.48,26.6,26.299999,26.440001,20886900,24.327449
5/9/2014,26.559999,26.57,26.309999,26.42,17437900,24.309046
5/12/2014,26.58,26.860001,26.51,26.85,23710800,24.704689
5/13/2014,26.889999,26.950001,26.77,26.92,20482900,24.769096
5/14/2014,26.91,26.959999,26.67,26.76,20741600,24.62188
5/15/2014,26.719999,26.799999,26.32,26.6,33783100,24.474664
5/16/2014,26.49,26.68,26.370001,26.67,28840900,24.539071
5/19/2014,26.549999,26.690001,26.48,26.610001,18129700,24.483866
5/20/2014,26.610001,26.620001,26.15,26.299999,23477100,24.198633
5/21/2014,26.370001,26.52,26.35,26.49,17443900,24.373453
5/22/2014,26.42,26.57,26.309999,26.51,15628700,24.391855
5/23/2014,26.549999,26.58,26.43,26.51,14833100,24.391855
5/27/2014,26.549999,26.629999,26.450001,26.57,18317800,24.447061
5/28/2014,26.559999,26.709999,26.530001,26.66,18205700,24.52987
5/29/2014,26.690001,26.74,26.549999,26.74,15024700,24.603478
5/30/2014,26.639999,26.790001,26.6,26.790001,18933600,24.649484
6/2/2014,26.709999,26.85,26.610001,26.83,17123500,24.686287
6/3/2014,26.75,26.809999,26.67,26.790001,18641400,24.649484
6/4/2014,26.74,26.74,26.540001,26.549999,19969800,24.428658
6/5/2014,26.540001,26.780001,26.450001,26.77,25041400,24.631082
6/6/2014,26.790001,27.24,26.76,27.18,33736800,25.008322
6/9/2014,27.059999,27.530001,27.01,27.440001,28282300,25.247549
6/10/2014,27.309999,27.459999,27.24,27.41,21842400,25.219945
6/11/2014,27.32,27.360001,27.059999,27.15,24722000,24.980719
6/12/2014,27.1,27.16,26.889999,26.959999,25742600,24.805899
6/13/2014,26.879999,27.07,26.879999,27.040001,19131500,24.879509
6/16/2014,26.950001,26.969999,26.75,26.82,26681100,24.677086
6/17/2014,26.790001,26.98,26.68,26.870001,21298600,24.723092
6/18/2014,26.879999,26.940001,26.690001,26.889999,26237300,24.741493
6/19/2014,26.66,26.98,26.66,26.93,31605200,24.982693
6/20/2014,27.02,27.040001,26.870001,26.969999,49758200,25.019799
6/23/2014,27.049999,27.059999,26.6,26.68,31244400,24.75077
6/24/2014,26.66,26.879999,26.51,26.58,26418900,24.658001
6/25/2014,26.469999,26.51,26.34,26.42,26261200,24.509571
6/26/2014,26.459999,26.459999,26.200001,26.290001,23159000,24.388972
6/27/2014,26.290001,26.43,26.23,26.43,35155200,24.518848
6/30/2014,26.440001,26.450001,26.219999,26.280001,29678100,24.379695
7/1/2014,26.27,26.5,26.26,26.4,28064500,24.491016
7/2/2014,26.35,26.65,26.34,26.610001,21284100,24.685832
7/3/2014,26.809999,26.889999,26.780001,26.860001,20513900,24.917755
7/7/2014,26.799999,26.84,26.68,26.75,25263000,24.815708
7/8/2014,26.620001,26.65,26.35,26.370001,29105600,24.463187
7/9/2014,26.43,26.43,26.26,26.32,37820500,24.416801
7/10/2014,26.129999,26.290001,26.1,26.200001,33238500,24.305479
7/11/2014,26.190001,26.549999,26.120001,26.549999,35440200,24.63017
7/14/2014,26.629999,26.860001,26.620001,26.66,25273800,24.732216
7/15/2014,26.75,26.799999,26.549999,26.610001,41440200,24.685832
7/16/2014,26.690001,27.15,26.66,27.02,47071000,25.066185
7/17/2014,26.92,26.98,26.6,26.610001,37548900,24.685832
7/18/2014,26.77,26.780001,26.25,26.459999,55403000,24.546677
7/21/2014,26.33,26.33,25.719999,25.98,59343000,24.101387
7/22/2014,26.07,26.1,25.85,26.02,34534600,24.138495
7/23/2014,26.07,26.09,25.91,25.91,32060800,24.036449
7/24/2014,25.950001,26.08,25.9,25.940001,22010800,24.06428
7/25/2014,25.969999,25.99,25.73,25.790001,24634100,23.925127
7/28/2014,25.67,25.73,25.440001,25.59,32980200,23.739588
7/29/2014,25.57,25.719999,25.450001,25.450001,22528900,23.609712
7/30/2014,25.58,25.790001,25.4,25.639999,25838200,23.785972
7/31/2014,25.530001,25.559999,25.15,25.15,37995200,23.331404
8/1/2014,25.07,25.360001,24.75,25.35,40198800,23.516943
8/4/2014,25.33,25.42,25.1,25.27,28410300,23.442727
8/5/2014,25.1,25.290001,24.950001,25.02,27694300,23.210805
8/6/2014,25.129999,25.57,25.09,25.440001,47222600,23.600435
8/7/2014,25.610001,25.700001,25.42,25.5,36167500,23.656096
8/8/2014,25.459999,25.67,25.299999,25.66,22929500,23.804526
8/11/2014,25.84,26,25.719999,25.790001,27873100,23.925127
8/12/2014,25.85,25.860001,25.59,25.610001,21780300,23.758142
8/13/2014,25.719999,25.92,25.700001,25.83,19870100,23.962233
8/14/2014,25.889999,25.950001,25.73,25.879999,23322100,24.008617
8/15/2014,25.950001,25.969999,25.51,25.639999,28167900,23.785972
8/18/2014,25.870001,26.07,25.85,26.07,26809900,24.184879
8/19/2014,26.139999,26.16,26.049999,26.049999,16137200,24.166325
8/20/2014,26.08,26.4,26.01,26.360001,28855400,24.45391
8/21/2014,26.42,26.450001,26.299999,26.43,22185000,24.518848
8/22/2014,26.34,26.370001,26.110001,26.15,22784400,24.259094
8/25/2014,26.15,26.290001,26.02,26.200001,21856200,24.305479
8/26/2014,26.219999,26.280001,26.01,26.01,26313600,24.129218
8/27/2014,26.049999,26.200001,26.02,26.129999,21176500,24.24054
8/28/2014,26.030001,26.09,25.959999,26.01,13438900,24.129218
8/29/2014,26.030001,26.09,25.9,25.98,21914000,24.101387
9/2/2014,25.889999,26.030001,25.77,25.85,24378700,23.980788
9/3/2014,25.98,26,25.82,25.950001,19962200,24.073557
9/4/2014,25.99,26.129999,25.889999,25.959999,26891800,24.082832
9/5/2014,25.9,26.1,25.799999,26.1,21041600,24.21271
9/8/2014,26.139999,26.27,26.059999,26.08,20379700,24.194156
9/9/2014,26.07,26.110001,25.85,25.9,21666400,24.027171
9/10/2014,25.99,26.030001,25.85,25.950001,19110000,24.073557
9/11/2014,25.91,26.09,25.83,26.02,22581000,24.138495
9/12/2014,25.969999,25.969999,25.799999,25.870001,24639200,23.999342
9/15/2014,25.83,25.950001,25.75,25.92,15347200,24.045726
9/16/2014,25.92,26.27,25.879999,26.209999,27482900,24.314755
9/17/2014,26.32,26.4,26.1,26.27,29610800,24.370417
9/18/2014,26.190001,26.360001,26.129999,26.209999,31598200,24.5201
9/19/2014,26.35,26.4,26.25,26.290001,38246200,24.594944
9/22/2014,26.190001,26.27,26.030001,26.08,23005700,24.398483
9/23/2014,25.99,26.139999,25.98,26.02,21684800,24.342352
9/24/2014,26.01,26.01,25.690001,25.93,34059700,24.258154
9/25/2014,25.879999,25.879999,25.530001,25.549999,30686900,23.902654
9/26/2014,25.58,25.700001,25.43,25.629999,28931900,23.977496
9/29/2014,25.360001,25.52,25.299999,25.42,30747600,23.781036
9/30/2014,25.360001,25.700001,25.33,25.620001,40800800,23.968142
10/1/2014,25.43,25.469999,25.08,25.16,42081200,23.5378
10/2/2014,25.190001,25.25,25.01,25.120001,28499100,23.50038
10/3/2014,25.290001,25.43,25.15,25.4,21658100,23.762326
10/6/2014,25.6,25.629999,25.07,25.219999,30492600,23.593931
10/7/2014,25.1,25.190001,24.799999,24.809999,31985200,23.210366
10/8/2014,24.950001,25.25,24.66,25.25,36918100,23.621997
10/9/2014,25.23,25.309999,24.73,24.780001,34012700,23.182301
10/10/2014,24.790001,24.870001,24.209999,24.27,47837300,22.705184
10/13/2014,24.24,24.33,23.9,23.950001,39054800,22.405816
10/14/2014,24.18,24.639999,24.049999,24.1,42246400,22.546144
10/15/2014,23.860001,24.4,23.690001,24.280001,65636600,22.714539
10/16/2014,23.99,24.51,23.959999,24.25,51697900,22.686473
10/17/2014,25,25.25,24.700001,24.82,52637800,23.219721
10/20/2014,24.91,25.120001,24.709999,25.030001,33868500,23.416182
10/21/2014,25.27,25.530001,25.129999,25.450001,31684600,23.809103
10/22/2014,25.34,25.48,25.15,25.190001,30028700,23.565866
10/23/2014,25.42,25.690001,25.4,25.440001,30960500,23.799747
10/24/2014,25.440001,25.65,25.41,25.639999,20563900,23.986851
10/27/2014,25.66,25.700001,25.379999,25.52,19784500,23.874589
10/28/2014,25.58,25.879999,25.559999,25.879999,28531100,24.211377
10/29/2014,25.879999,25.9,25.389999,25.66,28829700,24.005562
10/30/2014,25.42,25.719999,25.32,25.67,26169300,24.014918
10/31/2014,25.860001,25.93,25.67,25.809999,39951500,24.145891
11/3/2014,25.49,25.84,25.48,25.700001,35107000,24.042984
11/4/2014,25.73,25.799999,25.59,25.700001,22553900,24.042984
11/5/2014,25.9,25.9,25.67,25.82,31585700,24.155246
11/6/2014,25.889999,26.389999,25.870001,26.360001,40218800,24.66043
11/7/2014,26.290001,26.51,26.209999,26.41,26390800,24.707206
11/10/2014,26.41,26.530001,26.379999,26.469999,16277800,24.763337
11/11/2014,26.469999,26.5,26.24,26.379999,18964100,24.679139
11/12/2014,26.27,26.6,26.27,26.52,28103600,24.810114
11/13/2014,26.469999,26.67,26.370001,26.42,25420600,24.716561
11/14/2014,26.43,26.51,26.379999,26.459999,16943900,24.753981
11/17/2014,26.469999,26.68,26.42,26.610001,24612700,24.894311
11/18/2014,26.700001,27.049999,26.690001,27.01,36774100,25.268521
11/19/2014,26.99,27,26.77,26.92,33734700,25.184323
11/20/2014,26.799999,26.969999,26.75,26.85,21195200,25.118837
11/21/2014,27.09,27.1,26.860001,26.99,36181100,25.24981
11/24/2014,27.01,27.09,26.809999,27,24001300,25.259165
11/25/2014,27.01,27.030001,26.84,26.860001,28028000,25.128192
11/26/2014,26.889999,26.969999,26.780001,26.870001,19289700,25.137548
11/28/2014,26.799999,26.9,26.440001,26.49,31185200,24.782048
12/1/2014,26.16,26.219999,25.85,26.02,48967100,24.342352
12/2/2014,26.07,26.200001,26.030001,26.049999,25190100,24.370416
12/3/2014,26.16,26.469999,26.09,26.379999,34360900,24.679139
12/4/2014,26.26,26.280001,25.92,26.09,29587100,24.407838
12/5/2014,26.139999,26.15,25.93,26.01,22389200,24.332996
12/8/2014,25.879999,26.09,25.610001,25.690001,37627900,24.033629
12/9/2014,25.459999,25.690001,25.27,25.58,32509200,23.93072
12/10/2014,25.620001,25.629999,25.15,25.27,45310200,23.640708
12/11/2014,25.32,25.690001,25.309999,25.41,40900400,23.771681
12/12/2014,25.35,25.370001,24.860001,24.889999,51044500,23.285208
12/15/2014,25.02,25.030001,24.41,24.59,63574000,23.004551
12/16/2014,24.540001,25.18,24.4,24.49,48388000,22.910998
12/17/2014,24.610001,24.719999,24.059999,24.66,77589300,23.070038
12/18/2014,25.129999,25.15,24.68,25.139999,52044700,23.740512
12/19/2014,25.120001,25.700001,25,25.620001,86713700,24.193793
12/22/2014,25.65,25.77,25.559999,25.709999,35238100,24.278781
12/23/2014,25.690001,26,25.6,25.879999,31399700,24.439318
12/24/2014,25.889999,25.940001,25.700001,25.83,17865100,24.392102
12/26/2014,25.84,25.9,25.74,25.780001,14978500,24.344886
12/29/2014,25.700001,25.85,25.68,25.700001,20858200,24.269339
12/30/2014,25.610001,25.700001,25.42,25.57,22184500,24.146575
12/31/2014,25.42,25.52,25.27,25.27,28206500,23.863276
1/2/2015,25.34,25.459999,24.870001,25.059999,40920800,23.664965
1/5/2015,25.01,25.01,24.52,24.6,42033200,23.230574
1/6/2015,24.459999,24.57,23.93,24.07,63760000,22.730077
1/7/2015,24.209999,24.389999,23.98,24.08,43642500,22.73952
1/8/2015,24.32,24.379999,24.129999,24.370001,43224400,23.013378
1/9/2015,24.52,24.530001,23.950001,24.030001,43132200,22.692304
1/12/2015,24.07,24.139999,23.77,23.98,42871100,22.645087
1/13/2015,24.26,24.33,23.629999,23.860001,41172800,22.531768
1/14/2015,23.65,23.85,23.41,23.780001,41850800,22.456221
1/15/2015,23.780001,23.969999,23.559999,23.58,31480100,22.267354
1/16/2015,23.51,23.65,23.450001,23.59,49793900,22.276798
1/20/2015,23.84,23.870001,23.549999,23.85,44562100,22.522324
1/21/2015,23.83,24.08,23.709999,24.040001,37620300,22.701748
1/22/2015,24.299999,24.360001,23.959999,24.280001,47129300,22.928387
1/23/2015,24.43,24.889999,24.290001,24.48,63738700,23.117253
1/26/2015,24.719999,24.74,24.4,24.59,39174900,23.22113
1/27/2015,24.389999,24.459999,24.200001,24.379999,38398100,23.022819
1/28/2015,24.469999,24.49,23.809999,23.84,49653800,22.512881
1/29/2015,23.84,24.200001,23.780001,24.08,40436400,22.73952
1/30/2015,23.879999,24.110001,23.82,23.889999,54712200,22.560097
2/2/2015,24,24.219999,23.9,24.209999,39602500,22.862283
2/3/2015,24.290001,24.530001,24.26,24.469999,37723800,23.107809
2/4/2015,24.41,24.43,24.08,24.16,33236000,22.815067
2/5/2015,24.25,24.5,24.24,24.5,25647400,23.13614
2/6/2015,24.540001,24.75,24.469999,24.52,27128300,23.155027
2/9/2015,24.469999,24.75,24.450001,24.639999,27284000,23.268346
2/10/2015,24.77,24.799999,24.549999,24.719999,27075800,23.343892
2/11/2015,24.709999,24.82,24.6,24.77,24455300,23.39111
2/12/2015,24.809999,24.99,24.709999,24.889999,26522300,23.504429
2/13/2015,24.99,25.17,24.940001,25.15,33076200,23.749956
2/17/2015,25.120001,25.209999,24.98,25.17,35989500,23.768843
2/18/2015,25.290001,25.290001,25.15,25.25,30740800,23.844389
2/19/2015,25.030001,25.209999,24.950001,25.01,33232900,23.83486
2/20/2015,24.879999,25.219999,24.799999,25.209999,39889800,24.025461
2/23/2015,25.219999,25.299999,25.1,25.17,30774500,23.987342
2/24/2015,25.120001,25.450001,25.09,25.389999,42464100,24.197004
2/25/2015,25.450001,26.059999,25.440001,25.91,68219600,24.692571
2/26/2015,25.940001,26.01,25.809999,25.889999,38247200,24.673511
2/27/2015,25.83,26.27,25.75,25.99,51531800,24.768812
3/2/2015,25.879999,26.120001,25.85,26.110001,32409000,24.883175
3/3/2015,26.049999,26.08,25.780001,25.860001,30542300,24.644921
3/4/2015,25.76,25.77,25.469999,25.66,31543800,24.454318
3/5/2015,25.620001,25.82,25.58,25.82,28373800,24.6068
3/6/2015,25.709999,25.780001,25.33,25.42,32286800,24.225595
3/9/2015,25.52,25.700001,25.49,25.639999,31591100,24.435257
3/10/2015,25.5,25.639999,25.17,25.17,37442100,23.987342
3/11/2015,25.280001,25.49,25.139999,25.190001,36198100,24.006403
3/12/2015,25.27,25.41,25.17,25.4,29369500,24.206534
3/13/2015,25.280001,25.360001,24.809999,25.040001,45307000,23.863451
3/16/2015,25.059999,25.48,24.959999,25.450001,34610400,24.254186
3/17/2015,25.299999,25.389999,25.09,25.309999,34259000,24.120763
3/18/2015,25.18,25.85,25.110001,25.639999,38302800,24.435257
3/19/2015,25.440001,25.610001,25.26,25.33,38314800,24.139824
3/20/2015,25.34,25.530001,25.299999,25.4,50632600,24.206534
3/23/2015,25.48,25.74,25.450001,25.469999,31984500,24.273245
3/24/2015,25.379999,25.48,25.27,25.27,25801300,24.082644
3/25/2015,25.23,25.33,24.91,24.91,34897400,23.739558
3/26/2015,24.799999,24.92,24.67,24.799999,32504400,23.634726
3/27/2015,24.92,24.92,24.709999,24.860001,28320600,23.691908
3/30/2015,24.98,25.200001,24.969999,25.120001,27281400,23.939692
3/31/2015,25.09,25.09,24.809999,24.809999,34940900,23.644257
4/1/2015,24.719999,24.92,24.57,24.84,38749500,23.672848
4/2/2015,24.809999,25,24.700001,24.940001,29213100,23.768149
4/6/2015,24.9,25.41,24.790001,25.18,33445100,23.996872
4/7/2015,25.17,25.280001,25,25.02,21261600,23.84439
4/8/2015,25.049999,25.120001,24.870001,25.01,22439200,23.83486
4/9/2015,25.09,25.83,24.92,25.73,60149900,24.521029
4/10/2015,27.129999,28.68,27,28.51,352701900,27.170406
4/13/2015,28.059999,28.190001,27.5,27.629999,153984900,26.331753
4/14/2015,27.48,27.84,27.379999,27.73,55777200,26.427055
4/15/2015,27.690001,27.85,27.43,27.459999,56420100,26.169741
4/16/2015,27.309999,27.5,27.18,27.280001,62363100,25.9982
4/17/2015,27.4,27.700001,26.92,27.25,87794500,25.969609
4/20/2015,27.32,27.440001,27.01,27.02,61687000,25.750417
4/21/2015,27.030001,27.059999,26.549999,26.620001,76872300,25.369212
4/22/2015,26.700001,27.02,26.6,26.91,47056100,25.645585
4/23/2015,26.780001,27.07,26.709999,26.85,38165800,25.588404
4/24/2015,26.879999,26.940001,26.700001,26.799999,27714000,25.540753
4/27/2015,26.959999,27,26.809999,26.879999,36217700,25.616994
4/28/2015,26.950001,27.16,26.639999,27.120001,38426600,25.845718
4/29/2015,26.950001,27.25,26.9,27.09,37154000,25.817127
4/30/2015,27.059999,27.35,26.969999,27.08,42985000,25.807597
5/1/2015,27.09,27.32,26.99,27.309999,28303300,26.026789
5/4/2015,27.360001,27.610001,27.25,27.27,26201700,25.98867
5/5/2015,27.25,27.360001,26.85,26.92,30347300,25.655115
5/6/2015,27,27.18,26.610001,26.809999,27761000,25.550283
5/7/2015,26.780001,27.120001,26.66,27.040001,31038200,25.769477
5/8/2015,27.25,27.49,27.219999,27.360001,37221500,26.074441
5/11/2015,27.25,27.299999,26.860001,26.92,32453400,25.655115
5/12/2015,26.82,27.09,26.75,27.030001,29789800,25.759947
5/13/2015,27.02,27.24,26.92,27.209999,37170400,25.931488
5/14/2015,27.32,27.43,27.15,27.41,26976100,26.122091
5/15/2015,27.379999,27.440001,27.25,27.27,35768700,25.98867
5/18/2015,27.209999,27.389999,27.209999,27.309999,22489500,26.026789
5/19/2015,27.27,27.389999,27.209999,27.35,29150800,26.064911
5/20/2015,27.34,27.700001,27.200001,27.639999,40173600,26.341284
5/21/2015,27.68,27.790001,27.549999,27.719999,40311100,26.417525
5/22/2015,27.690001,27.780001,27.620001,27.68,23289300,26.379405
5/26/2015,27.52,27.58,27.379999,27.52,47465200,26.226923
5/27/2015,27.57,27.620001,27.459999,27.52,25326800,26.226923
5/28/2015,27.5,27.629999,27.299999,27.629999,26418300,26.331753
5/29/2015,27.5,27.5,27.27,27.27,41661000,25.98867
6/1/2015,27.26,27.34,27.07,27.280001,33322400,25.9982
6/2/2015,27.219999,27.42,27.15,27.33,26325300,26.04585
6/3/2015,27.43,27.559999,27.360001,27.530001,26306300,26.236454
6/4/2015,27.42,27.620001,27.209999,27.26,33360500,25.97914
6/5/2015,27.26,27.379999,27.16,27.290001,30647700,26.007731
6/8/2015,27.32,27.360001,27.209999,27.24,29812800,25.960079
6/9/2015,27.280001,27.469999,27.17,27.33,31113900,26.04585
6/10/2015,27.360001,27.68,27.32,27.629999,33175700,26.331753
6/11/2015,27.57,27.639999,27.360001,27.51,31388400,26.217393
6/12/2015,27.440001,27.48,27.280001,27.389999,22170600,26.10303
6/15/2015,27.389999,27.389999,27.110001,27.209999,28498700,25.931488
6/16/2015,27.17,27.24,27,27.219999,27569500,25.941018
6/17/2015,27.190001,27.4,27.110001,27.27,36548300,25.98867
6/18/2015,27.08,27.41,27.030001,27.370001,37680700,26.305839
6/19/2015,27.27,27.379999,27.18,27.24,60267600,26.180893
6/22/2015,27.299999,27.5,27.290001,27.42,27504700,26.353894
6/23/2015,27.42,27.6,27.389999,27.549999,32510900,26.478839
6/24/2015,27.549999,27.59,27.25,27.26,32456700,26.200115
6/25/2015,27.280001,27.35,27.02,27.040001,23342100,25.98867
6/26/2015,27.040001,27.129999,26.91,27.09,25777400,26.036725
6/29/2015,26.9,26.969999,26.530001,26.639999,33372300,25.604221
6/30/2015,26.82,26.959999,26.530001,26.57,35557800,25.536943
7/1/2015,26.67,26.870001,26.469999,26.66,30427400,25.623443
7/2/2015,26.700001,26.83,26.6,26.780001,26002300,25.738779
7/6/2015,26.530001,26.639999,26.200001,26.309999,27858100,25.287051
7/7/2015,26.379999,26.549999,25.93,26.469999,32647100,25.44083
7/8/2015,26.09,26.24,25.879999,25.889999,32030700,24.883381
7/9/2015,26.17,26.4,26.01,26.02,30411400,25.008328
7/10/2015,26.389999,26.440001,26.040001,26.27,25359800,25.248607
7/13/2015,26.49,26.530001,26.24,26.469999,24324600,25.44083
7/14/2015,26.35,26.73,26.35,26.66,22294600,25.623443
7/15/2015,26.610001,26.790001,26.6,26.77,27925100,25.729167
7/16/2015,26.98,27.040001,26.84,27.040001,30635400,25.98867
7/17/2015,27.26,27.33,27.030001,27.24,41191000,26.180893
7/20/2015,27.120001,27.209999,27.01,27.139999,24686600,26.08478
7/21/2015,27.01,27.15,26.799999,26.85,29282300,25.806057
7/22/2015,26.879999,26.959999,26.57,26.629999,24133400,25.594609
7/23/2015,26.58,26.6,26.200001,26.26,23201200,25.238996
7/24/2015,26.309999,26.32,25.67,25.75,31124200,24.748825
7/27/2015,25.540001,25.98,25.52,25.950001,36277000,24.94105
7/28/2015,26.1,26.24,25.950001,26.1,27758300,25.085217
7/29/2015,26.09,26.280001,26.049999,26.26,23987900,25.238996
7/30/2015,26.23,26.24,26.01,26.120001,22118900,25.10444
7/31/2015,26.23,26.290001,26.049999,26.1,23197500,25.085217
8/3/2015,26.120001,26.129999,25.6,25.870001,32580300,24.86416
8/4/2015,25.889999,26.059999,25.83,25.9,21985200,24.892992
8/5/2015,26.09,26.33,26.030001,26.1,25471400,25.085217
8/6/2015,26.15,26.18,25.959999,26.030001,17298200,25.017939
8/7/2015,25.950001,26.059999,25.610001,25.790001,25916200,24.787271
8/10/2015,25.9,26.299999,25.9,26.24,23479200,25.219773
8/11/2015,26.030001,26.030001,25.639999,25.709999,28235300,24.710379
8/12/2015,25.540001,25.879999,25.35,25.860001,31474800,24.854549
8/13/2015,25.77,25.91,25.620001,25.790001,16418700,24.787271
8/14/2015,25.65,26.1,25.620001,26.08,20786300,25.065994
8/17/2015,25.950001,26.24,25.799999,26.209999,19223700,25.190939
8/18/2015,26.17,26.209999,25.940001,26.07,20348800,25.056383
8/19/2015,25.9,26.030001,25.620001,25.73,29149900,24.729602
8/20/2015,25.51,25.639999,25.18,25.190001,34645800,24.210599
8/21/2015,24.9,25.129999,24.559999,24.59,65101900,23.633927
8/24/2015,22.84,24.040001,19.370001,23.870001,91236500,22.941921
8/25/2015,24.73,24.74,23.27,23.27,60778000,22.365249
8/26/2015,23.85,24.07,23.27,24.01,78965900,23.076477
8/27/2015,24.43,25.01,24.379999,25.01,64894200,24.037597
8/28/2015,24.92,25.17,24.780001,25.16,32942500,24.181764
8/31/2015,24.98,24.98,24.58,24.82,37006800,23.854984
9/1/2015,24.24,24.360001,23.68,23.879999,65344000,22.951531
9/2/2015,24.139999,24.58,23.83,24.57,50480800,23.614704
9/3/2015,24.76,24.950001,24.389999,24.51,33564800,23.557037
9/4/2015,24.18,24.18,23.85,24,35628400,23.066866
9/8/2015,24.51,24.98,24.27,24.959999,46212800,23.98954
9/9/2015,25.200001,25.219999,24.48,24.549999,34611200,23.595481
9/10/2015,24.559999,24.860001,24.5,24.68,35043100,23.720427
9/11/2015,24.74,24.959999,24.5,24.950001,31903000,23.97993
9/14/2015,24.969999,24.98,24.6,24.77,26237600,23.806928
9/15/2015,24.9,25.450001,24.700001,25.299999,46334700,24.31632
9/16/2015,25.530001,26.030001,25.42,25.93,61540100,24.921827
9/17/2015,25.5,25.93,25.27,25.35,48844100,24.582425
9/18/2015,25.15,25.209999,24.709999,24.799999,77869300,24.049078
9/21/2015,24.889999,25.200001,24.84,25.09,29618900,24.330298
9/22/2015,24.76,25.16,24.6,25.110001,44205000,24.349692
9/23/2015,25.01,25.33,24.98,25.139999,41190000,24.378783
9/24/2015,24.870001,25.450001,24.65,24.91,53239500,24.155747
9/25/2015,25,25.040001,24.860001,24.92,38950100,24.165445
9/28/2015,24.690001,24.74,24.309999,24.309999,42641300,23.573915
9/29/2015,24.33,24.6,24.26,24.57,41587800,23.826042
9/30/2015,24.73,25.24,24.690001,25.219999,43758300,24.45636
10/1/2015,25.15,25.309999,24.790001,25.190001,39723600,24.42727
10/2/2015,24.870001,25.49,24.83,25.469999,42676200,24.698791
10/5/2015,26.370001,27.200001,26.219999,26.82,105423300,26.007914
10/6/2015,26.99,27.41,26.959999,27.290001,71909400,26.463684
10/7/2015,27.5,27.77,27.32,27.77,65671000,26.92915
10/8/2015,27.629999,28.200001,27.43,28.030001,51114700,27.181277
10/9/2015,27.98,28.17,27.889999,28.07,47327600,27.220065
10/12/2015,27.98,28.17,27.91,28.09,25239600,27.23946
10/13/2015,27.969999,28.280001,27.870001,27.870001,43203200,27.026122
10/14/2015,27.74,27.84,27.48,27.6,39107900,26.764297
10/15/2015,27.799999,28.17,27.639999,28.030001,76978600,27.181277
10/16/2015,28.610001,29.190001,28.219999,28.98,141526300,28.102511
10/19/2015,28.799999,29.559999,28.75,28.99,131036400,28.112209
10/20/2015,28.82,29,28.700001,28.780001,75155000,27.908568
10/21/2015,28.790001,29.24,28.780001,28.85,65404100,27.976448
10/22/2015,28.950001,29.74,28.91,29.58,81476400,28.684344
10/23/2015,29.700001,29.83,29.42,29.51,76867200,28.616464
10/26/2015,29.52,29.66,29.41,29.549999,48757400,28.655252
10/27/2015,29.41,29.639999,29.23,29.459999,67606200,28.567977
10/28/2015,29.33,29.58,29.15,29.389999,71077500,28.500097
10/29/2015,29.17,29.379999,29.059999,29.34,42373900,28.451611
10/30/2015,29.219999,29.33,28.91,28.92,71021400,28.044329
11/2/2015,28.940001,29.4,28.879999,29.4,59504700,28.509794
11/3/2015,29.209999,29.790001,29.18,29.59,95829900,28.694042
11/4/2015,29.549999,29.790001,29.459999,29.540001,105133900,28.645556
11/5/2015,29.469999,29.74,29.309999,29.639999,122593500,28.742527
11/6/2015,29.440001,29.950001,29.25,29.92,126109800,29.014049
11/9/2015,29.76,29.950001,29.379999,29.75,145462200,28.849197
11/10/2015,29.629999,30.27,29.610001,30.120001,239465000,29.207994
11/11/2015,30.200001,30.82,30.200001,30.67,197598800,29.74134
11/12/2015,30.41,30.9,30.110001,30.16,292791600,29.246782
11/13/2015,29.860001,30.49,29.809999,30.280001,247153700,29.36315
11/16/2015,29.879999,30.6,29.77,30.360001,284804200,29.440727
11/17/2015,30.57,30.75,30,30.32,431332600,29.401937
11/18/2015,30.219999,30.57,30.1,30.52,177775400,29.595882
11/19/2015,30.379999,30.51,30.25,30.27,98930100,29.353452
11/20/2015,30.26,30.99,30.209999,30.66,210757500,29.731643
11/23/2015,30.59,30.82,30.26,30.59,135391500,29.663762
11/24/2015,30.33,30.870001,30.280001,30.66,145876700,29.731643
11/25/2015,30.639999,30.65,30.299999,30.360001,54159700,29.440727
11/27/2015,30.27,30.379999,30.190001,30.360001,33143900,29.440727
11/30/2015,30.33,30.450001,29.940001,29.940001,79716600,29.033444
12/1/2015,29.99,30.25,29.870001,30.17,54244900,29.25648
12/2/2015,30.09,30.23,29.879999,29.969999,44123600,29.062535
12/3/2015,30.09,30.25,29.969999,30.030001,62969900,29.120719
12/4/2015,30.07,30.52,29.959999,30.49,58203200,29.56679
12/7/2015,30.42,30.440001,30.120001,30.370001,66681300,29.450425
12/8/2015,30.07,30.379999,29.91,30.190001,53265500,29.275874
12/9/2015,30.02,30.59,29.959999,30.469999,50560400,29.547395
12/10/2015,30.440001,30.93,30.370001,30.65,47082500,29.721945
12/11/2015,30.32,30.610001,30.15,30.26,62907700,29.343755
12/14/2015,30.26,30.459999,29.77,30.26,65059300,29.343755
12/15/2015,30.4,30.610001,30.219999,30.32,58880700,29.401937
12/16/2015,30.459999,31.23,30.42,30.98,73831500,30.041953
12/17/2015,30.940001,31.049999,30.530001,30.549999,58024100,29.846557
12/18/2015,30.389999,30.58,30.280001,30.280001,83144800,29.582776
12/21/2015,30.42,30.6,30.15,30.4,40719200,29.700011
12/22/2015,30.49,30.629999,30.16,30.49,42256400,29.787939
12/23/2015,30.52,31,30.52,30.950001,35775400,30.237348
12/24/2015,30.9,30.93,30.690001,30.83,13518900,30.120111
12/28/2015,30.74,31,30.610001,30.9,26557700,30.188498
12/29/2015,31.01,31.48,31,31.280001,33400400,30.55975
12/30/2015,31.280001,31.440001,31.01,31.049999,29127700,30.335044
12/31/2015,30.860001,31.49,30.790001,31.15,52307700,30.432742
1/4/2016,30.549999,30.76,30.25,30.709999,62881500,30.002873
1/5/2016,30.68,30.84,30.450001,30.74,55176200,30.032183
1/6/2016,30.27,30.719999,30.049999,30.25,62652700,29.553466
1/7/2016,29.65,29.959999,28.85,28.969999,92267400,28.302938
1/8/2016,29.200001,29.299999,28.34,28.450001,74496100,27.794913
1/11/2016,28.540001,29.92,28.25,28.58,58433400,27.921919
1/12/2016,28.76,28.879999,28.34,28.639999,47682800,27.980537
1/13/2016,28.91,29.059999,28.200001,28.24,55717700,27.589748
1/14/2016,28.309999,29.25,28.290001,29.059999,65236900,28.390866
1/15/2016,28.139999,28.76,28.1,28.49,69424800,27.833991
1/19/2016,28.719999,28.889999,28.200001,28.49,51986800,27.833991
1/20/2016,27.93,28.43,27.48,28,88062800,27.355274
1/21/2016,28.129999,28.99,28.129999,28.59,56037600,27.931689
1/22/2016,28.549999,28.559999,27.709999,28.24,87869400,27.589748
1/25/2016,28.32,28.49,28,28.040001,44848800,27.394354
1/26/2016,28.07,28.540001,28.049999,28.309999,42432900,27.658135
1/27/2016,28.200001,28.58,27.82,28,46116400,27.355274
1/28/2016,28.219999,28.35,27.93,28.209999,40069900,27.560438
1/29/2016,28.459999,29.110001,28.34,29.1,51576200,28.429946
2/1/2016,29.01,29.030001,28.559999,28.639999,43446200,27.980537
2/2/2016,28.27,28.290001,27.92,28.24,40071800,27.589748
2/3/2016,28.389999,28.690001,27.870001,28.67,44261600,28.009847
2/4/2016,28.65,29.459999,28.49,29.18,53998300,28.508104
2/5/2016,29.15,29.200001,28.299999,28.540001,51984700,27.882841
2/8/2016,28.219999,28.27,27.76,28.17,48096400,27.52136
2/9/2016,27.75,28.540001,27.75,28.280001,37031600,27.628827
2/10/2016,28.370001,28.700001,28.25,28.299999,32492600,27.648365
2/11/2016,27.75,28.030001,27.1,27.450001,80550000,26.817939
2/12/2016,27.57,28.26,27.360001,28.26,57645600,27.609287
2/16/2016,28.58,29.030001,28.42,28.860001,47218800,28.195472
2/17/2016,29.139999,29.610001,29.120001,29.34,38254800,28.664419
2/18/2016,29.299999,29.35,28.99,29.08,31054300,28.410406
2/19/2016,28.940001,29.129999,28.68,29.02,36065100,28.351788
2/22/2016,29.02,29.49,29.02,29.41,38513100,28.732807
2/23/2016,29.209999,29.360001,29.08,29.219999,31151200,28.547182
2/24/2016,28.9,29.049999,28.4,28.959999,44928500,28.293168
2/25/2016,28.799999,29.280001,28.780001,29.23,35881300,28.785567
2/26/2016,29.299999,29.559999,29.290001,29.4,29345100,28.952982
2/29/2016,29.440001,29.549999,29.120001,29.139999,34166400,28.696935
3/1/2016,29.41,29.969999,29.309999,29.879999,32332700,29.425684
3/2/2016,29.780001,30.18,29.76,30.18,37215200,29.721123
3/3/2016,30.200001,30.4,30.059999,30.219999,28112900,29.760514
3/4/2016,30.219999,30.59,30.219999,30.459999,33034900,29.996865
3/7/2016,30.26,30.450001,30.129999,30.290001,26247200,29.829452
3/8/2016,30.08,30.219999,29.969999,30.059999,31147900,29.602947
3/9/2016,30.16,30.200001,29.969999,30.049999,24820900,29.593099
3/10/2016,30.17,30.290001,29.790001,29.940001,33147900,29.484773
3/11/2016,30.139999,30.58,30.139999,30.34,32159600,29.878691
3/14/2016,30.219999,30.370001,30.08,30.27,22160300,29.809755
3/15/2016,30.030001,30.370001,30.030001,30.280001,28899000,29.819603
3/16/2016,30.24,30.309999,30.07,30.17,32847000,29.711275
3/17/2016,30.219999,31.110001,30.18,30.959999,60643300,30.489263
3/18/2016,31.09,31.15,30.9,30.92,52373900,30.449872
3/21/2016,30.85,31.200001,30.790001,31.09,27368300,30.617287
3/22/2016,30.98,31.24,30.969999,31.059999,26036000,30.587742
3/23/2016,31.040001,31.24,31.01,31.07,27235100,30.597591
3/24/2016,30.91,31.110001,30.82,31.110001,27603000,30.636983
3/28/2016,31.139999,31.700001,31.1,31.49,39486800,31.011205
3/29/2016,31.459999,31.58,31.280001,31.48,38549800,31.001357
3/30/2016,31.76,31.950001,31.73,31.83,35094000,31.346035
3/31/2016,31.889999,32.049999,31.76,31.790001,36834300,31.306645
4/1/2016,31.5,32.02,31.450001,31.93,39399600,31.444515
4/4/2016,31.690001,31.709999,31.09,31.23,44929000,30.755158
4/5/2016,30.950001,31.129999,30.780001,30.98,31282100,30.508959
4/6/2016,30.889999,31.5,30.639999,30.9,36643200,30.430175
4/7/2016,30.719999,30.780001,30.51,30.629999,33563500,30.16428
4/8/2016,30.9,31.08,30.690001,30.790001,26808900,30.321849
4/11/2016,30.83,31,30.709999,30.709999,25126500,30.243064
4/12/2016,30.68,30.93,30.58,30.809999,27555300,30.341544
4/13/2016,30.98,31.1,30.940001,30.98,23692700,30.508959
4/14/2016,30.99,31.08,30.860001,31.02,21497400,30.548352
4/15/2016,31.07,31.1,30.93,31.030001,24440100,30.5582
4/18/2016,30.9,31.190001,30.9,31.059999,21074400,30.587742
4/19/2016,31.139999,31.209999,31.01,31.15,22872400,30.676374
4/20/2016,31.200001,31.35,31.049999,31.15,26550900,30.676374
4/21/2016,31.120001,31.280001,30.85,30.98,39651400,30.508959
4/22/2016,31.030001,31.18,30.309999,30.76,56497500,30.292305
4/25/2016,30.809999,30.860001,30.4,30.68,35476500,30.213521
4/26/2016,30.84,30.98,30.74,30.9,28684900,30.430175
4/27/2016,30.940001,31.01,30.82,30.93,22943900,30.45972
4/28/2016,30.74,31.219999,30.700001,30.9,28826800,30.430175
4/29/2016,30.75,30.969999,30.6,30.75,28902600,30.282456
5/2/2016,30.639999,30.99,30.629999,30.889999,17191100,30.420327
5/3/2016,30.639999,30.709999,30.35,30.629999,27715500,30.16428
5/4/2016,30.4,30.42,29.889999,30.07,39794600,29.612795
5/5/2016,30.139999,30.24,29.799999,29.889999,31699200,29.435532
5/6/2016,29.68,30.24,29.41,30.120001,28301400,29.662036
5/9/2016,30.049999,30.09,29.629999,29.870001,27154300,29.415837
5/10/2016,29.99,30.559999,29.98,30.48,27130400,30.016561
5/11/2016,30.5,30.75,30.34,30.34,23610500,29.878691
5/12/2016,29.84,30.200001,29.84,30.09,47269600,29.632492
5/13/2016,29.969999,30.110001,29.540001,29.639999,35266900,29.189333
5/16/2016,29.549999,30.129999,29.52,29.959999,25698300,29.504467
5/17/2016,29.889999,30.09,29.58,29.709999,33520100,29.258268
5/18/2016,29.700001,29.85,29.43,29.610001,27805500,29.15979
5/19/2016,29.33,29.450001,29.059999,29.360001,34044800,28.913592
5/20/2016,29.530001,29.68,29.43,29.559999,35004500,29.110549
5/23/2016,29.52,29.67,29.41,29.49,23615400,29.041614
5/24/2016,29.719999,29.969999,29.690001,29.85,24220300,29.396141
5/25/2016,30,30.32,29.959999,30.09,27658300,29.632492
5/26/2016,30.07,30.23,30,30.02,22647400,29.563556
5/27/2016,30.139999,30.190001,30.040001,30.120001,19499100,29.662036
5/31/2016,30.120001,30.34,30.07,30.23,30296300,29.770362
6/1/2016,30.040001,30.139999,29.889999,30.110001,21126700,29.652188
6/2/2016,30.01,30.049999,29.85,30.049999,19031300,29.593099
6/3/2016,30.02,30.049999,29.809999,29.940001,23802500,29.484773
6/6/2016,30,30.23,29.950001,30.120001,18662100,29.662036
6/7/2016,30.139999,30.41,30.129999,30.139999,25650900,29.681731
6/8/2016,30.23,30.5,30.16,30.309999,29141300,29.849146
6/9/2016,30.16,30.33,30.02,30.24,26527200,29.780211
6/10/2016,30.02,30.280001,29.93,30.040001,29430000,29.583253
6/13/2016,29.98,30.129999,29.790001,29.83,32960000,29.376445
6/14/2016,29.82,30.459999,29.790001,30.440001,43700500,29.97717
6/15/2016,30.48,30.91,30.469999,30.59,43765200,30.124889
6/16/2016,30.139999,30.74,30.08,30.639999,67618100,30.402719
6/17/2016,30.65,30.719999,30.450001,30.6,55635900,30.36303
6/20/2016,30.85,31.32,30.83,30.83,47891100,30.591248
6/21/2016,30.879999,31.01,30.870001,30.940001,36034300,30.700397
6/22/2016,31,31.1,30.77,30.780001,36011800,30.541636
6/23/2016,31.059999,31.209999,30.969999,31.190001,40229000,30.948461
6/24/2016,30.110001,30.549999,29.75,29.82,85669200,29.58907
6/27/2016,29.540001,29.620001,29.17,29.32,54040100,29.092942
6/28/2016,29.809999,30,29.67,29.940001,38208500,29.708141
6/29/2016,30.51,30.620001,30.299999,30.549999,35868200,30.313416
6/30/2016,30.66,31.5,30.65,31.48,54514500,31.236214
7/1/2016,31.48,31.629999,31.32,31.49,32700300,31.246137
7/5/2016,31.25,31.530001,31.120001,31.450001,32360500,31.206448
7/6/2016,31.27,31.799999,31.27,31.74,32105900,31.494201
7/7/2016,31.809999,32.099998,31.74,31.82,37517900,31.573581
7/8/2016,31.99,32.27,31.99,32.200001,38531700,31.95064
7/11/2016,32.259998,32.5,32.18,32.209999,37979100,31.960561
7/12/2016,32.310001,32.490002,32.130001,32.259998,38091000,32.010173
7/13/2016,32.259998,32.48,32.25,32.360001,32464400,32.1094
7/14/2016,32.5,32.720001,32.490002,32.630001,33877800,32.37731
7/15/2016,32.759998,32.950001,32.740002,32.880001,42308800,32.625374
7/18/2016,32.889999,32.939999,32.66,32.91,38265100,32.65514
7/19/2016,32.75,32.950001,32.720001,32.93,33557700,32.674986
7/20/2016,32.959999,33,32.700001,32.779999,35557800,32.526146
7/21/2016,32.73,32.849998,32.490002,32.59,42406400,32.337619
7/22/2016,31.73,32.07,31.690001,32.060001,57763800,31.811724
7/25/2016,32.07,32.080002,31.379999,31.639999,45728700,31.394975
7/26/2016,31.67,31.73,31.309999,31.469999,36903900,31.226291
7/27/2016,31.49,31.559999,31.120001,31.280001,39256500,31.037764
7/28/2016,31.200001,31.309999,31.08,31.25,30297500,31.007996
7/29/2016,31.280001,31.43,31.110001,31.139999,50052200,30.898847
8/1/2016,31.120001,31.219999,31.02,31.15,31154900,30.90877
8/2/2016,31.110001,31.16,31,31.049999,27000600,30.809544
8/3/2016,31.030001,31.24,31.030001,31.129999,20006000,30.888924
8/4/2016,31.200001,31.25,31.09,31.17,20293700,30.928615
8/5/2016,31.27,31.450001,31.219999,31.280001,21577300,31.037764
8/8/2016,31.299999,31.4,31.209999,31.27,20434100,31.027841
8/9/2016,31.23,31.35,31.15,31.299999,20108800,31.057608
8/10/2016,31.25,31.34,31.200001,31.27,18538100,31.027841
8/11/2016,31.309999,31.370001,31.200001,31.290001,37986200,31.047687
8/12/2016,31.200001,31.280001,31.18,31.24,21327000,30.998073
8/15/2016,31.299999,31.35,31.219999,31.24,19553300,30.998073
8/16/2016,31.139999,31.290001,31.08,31.190001,22383600,30.948461
8/17/2016,31.26,31.33,31.18,31.290001,17598100,31.047687
8/18/2016,31.25,31.43,31.190001,31.43,28041200,31.186602
8/19/2016,31.32,31.4,31.18,31.25,24742800,31.007996
8/22/2016,31.17,31.43,31.08,31.32,20460500,31.077453
8/23/2016,31.450001,31.57,31.23,31.23,32116700,30.98815
8/24/2016,31.27,31.35,31.17,31.219999,22045100,30.978227
8/25/2016,31.190001,31.299999,31.129999,31.209999,17027900,30.968305
8/26/2016,31.27,31.459999,31.139999,31.23,22265600,30.98815
8/29/2016,31.18,31.450001,31.17,31.360001,21248900,31.117145
8/30/2016,31.34,31.469999,31.299999,31.370001,18137900,31.127067
8/31/2016,31.370001,31.370001,31.190001,31.24,33416300,30.998073
9/1/2016,31.15,31.290001,30.959999,31.200001,41255600,30.958384
9/2/2016,31.25,31.450001,31.23,31.290001,20807500,31.047687
9/6/2016,31.309999,31.34,30.799999,31.049999,40955700,30.809544
9/7/2016,30.99,31.059999,30.799999,31.059999,27266900,30.819467
9/8/2016,31,31.049999,30.9,31.040001,30256200,30.799623
9/9/2016,30.82,30.82,30.110001,30.110001,44619700,29.876825
9/12/2016,30,30.57,29.84,30.49,41407300,30.253881
9/13/2016,30.219999,30.25,29.719999,29.85,45066200,29.618838
9/14/2016,29.809999,30,29.67,29.700001,51077600,29.47
9/15/2016,29.549999,29.85,29.42,29.75,35099900,29.75
9/16/2016,29.629999,29.75,29.540001,29.68,64934700,29.68
9/19/2016,29.780001,29.959999,29.4,29.43,30501300,29.43
9/20/2016,29.67,29.799999,29.620001,29.67,29646500,29.67
9/21/2016,29.75,29.92,29.59,29.85,29031600,29.85
9/22/2016,29.959999,30.110001,29.93,30.040001,29379900,30.040001
9/23/2016,30.02,30.049999,29.809999,29.889999,22821700,29.889999
9/26/2016,29.799999,29.809999,29.52,29.540001,25905800,29.540001
9/27/2016,29.6,29.969999,29.469999,29.879999,25491900,29.879999
9/28/2016,29.92,29.940001,29.6,29.9,26750600,29.9
9/29/2016,29.809999,30.1,29.440001,29.530001,38873700,29.530001
9/30/2016,29.6,29.85,29.58,29.620001,36120000,29.620001
